text,clean text
ฟันตันเมน (xl),ฟันตันเมน (xl)
อุดังเทมประ,อุดังเทมประ
(xl),(xl)
ทาโกะบากี ($),ทาโกะบากี ($)
*เต่าปูเปนรานุ,*เต่าปูเปนรานุ
(ภาคาปกติ),(ภาคาปกติ)
hrbiscus,hrbiscus
sangsom o.7l + mixer 5 ยวด,sangsom o.7l + mixer 5 ยวด
นาแช็ง,นาแช็ง
chang classic .4 ขวด,chang classic .4 ขวด
เฟรัน#ราย,เฟรัน#ราย
 เอ็นข้อไก่ทอด, เอ็นข้อไก่ทอด
โชดา,โชดา
sangsom o.7l + mixer 5 ชวด,sangsom o.7l + mixer 5 ชวด
 โค๊ก, โค๊ก
สไปร์ท,สไปร์ท
sangsom o.7l.,sangsom o.7l.
mixer.5 ชวดิ,mixer.5 ชวดิ
sangsom o.7l,sangsom o.7l
mixer s ชาด,mixer s ชาด
 all you can eat, all you can eat
ผู่ไหญ่,ผู่ไหญ่
aus. beef,aus. beef
 mix shabu suki, mix shabu suki
ice cream-,ice cream-
 charcoal(free), charcoal(free)
ice cream rice,ice cream rice
 milk{free), milk{free)
sherbet- ume(free),sherbet- ume(free)
 sherbet mango(free), sherbet mango(free)
ice cream-,ice cream-
 greentea(free), greentea(free)
 ponsu sauce{free), ponsu sauce{free)
sesame sauce(free),sesame sauce(free)
 sweet shoyu, sweet shoyu
 sauce(free), sauce(free)
 egg(free), egg(free)
,
sreast,sreast
2 ข้าวเป็ดย่าง,2 ข้าวเป็ดย่าง
ix thigh,ix thigh
ช้าวหมูแดง,ช้าวหมูแดง
ix low fat,ix low fat
;i. a.pnn dait coco,;i. a.pnn dait coco
;*1 less sweer,;*1 less sweer
ะะ1 for her e,ะะ1 for her e
lมาลเขยทราน,lมาลเขยทราน
1nrยกเทล,1nrยกเทล
เยเปทิท้รราม,เยเปทิท้รราม
 อาหาร, อาหาร
 สกีฺมฟเฟต ผู่ใหญ่, สกีฺมฟเฟต ผู่ใหญ่
นาซปหม่าล่า+ นาซุปดา,นาซปหม่าล่า+ นาซุปดา
 เครื่องคืม, เครื่องคืม
นาริฟิลลฝูใหญ่,นาริฟิลลฝูใหญ่
 choc chip cookies, choc chip cookies
6 iilk choc diuest,6 iilk choc diuest
aแถม 1,aแถม 1
 ไร่้ามัน ทุกเมน ( ราค, ไร่้ามัน ทุกเมน ( ราค
ม,ม
แร็มต่น l19 เมนู5,แร็มต่น l19 เมนู5
ยเพิมสวนต่าง ),ยเพิมสวนต่าง )
เมน,เมน
a,a
ข้าวไฟฟ้นอกไกสับฝัตชอสหง,ข้าวไฟฟ้นอกไกสับฝัตชอสหง
f 200 koal,f 200 koal
เมน,เมน
2,2
พะแนงอกไกล่น,พะแนงอกไกล่น
ไ้าาวกส้อง,ไ้าาวกส้อง
265 kcal,265 kcal
เมนู 3,เมนู 3
ข้าวไมมันไก ซูวี 1{9 kal,ข้าวไมมันไก ซูวี 1{9 kal
เมน,เมน
a,a
อกไก่กระเทยมพริกไทย+้าว,อกไก่กระเทยมพริกไทย+้าว
 ไรส, ไรส
'229  k(;a|,'229  k(;a|
เมบ,เมบ
5.,5.
ช้าวไฟชันกะเพราอกไกสืน 2,ช้าวไฟชันกะเพราอกไกสืน 2
95,95
แโทฟฮังไฮโปรตัน,แโทฟฮังไฮโปรตัน
ม.,ม.
""")'}6(`()""""?|4|: azabu  samo""",""")'}6(`()""""?|4|: azabu  samo"""
ยัหหวาหยุ่ปุแทสตราช,ยัหหวาหยุ่ปุแทสตราช
สหาโรรสบาร์เคำ,สหาโรรสบาร์เคำ
2,2
โวริกกรัแท่แอไม่รวม,โวริกกรัแท่แอไม่รวม
แแมสหหาสายเฺร่ โป,แแมสหหาสายเฺร่ โป
ohp ]งมอนด์เกรแมอ,ohp ]งมอนด์เกรแมอ
ขอค,ขอค
ปัน,ปัน
โกแอด,โกแอด
ถ่านกระดุม renata cr2450n,ถ่านกระดุม renata cr2450n
ค่าธรรมเนียมจัดสงพัสดุแบบ ems,ค่าธรรมเนียมจัดสงพัสดุแบบ ems
ได้รับเงินตามเอกสารเลขที,ได้รับเงินตามเอกสารเลขที
dn5302-00001,dn5302-00001
ลงวันที่,ลงวันที่
28/02/2553,28/02/2553
ไค้รับเงินดามเอกสารเลขที,ไค้รับเงินดามเอกสารเลขที
815302-00001,815302-00001
ลงวันที่,ลงวันที่
20/02/2553,20/02/2553
ได้รับเงินตามเอกสารเลขที่,ได้รับเงินตามเอกสารเลขที่
ar15311-00002,ar15311-00002
ลงวันที่,ลงวันที่
01/01/2553,01/01/2553
ไต้รับเงินตามเอกสารเกขที,ไต้รับเงินตามเอกสารเกขที
$n5311-0000)1,$n5311-0000)1
ลงวันที่,ลงวันที่
20) [)2/2553,20) [)2/2553
ได้รับเงินดามเอกสารเลขที,ได้รับเงินดามเอกสารเลขที
cn5302-00001,cn5302-00001
ลงวันที่,ลงวันที่
25/02/2553,25/02/2553
 product order 1, product order 1
option set this product,option set this product
 product order 2, product order 2
option set this product,option set this product
เยืน,เยืน
กาปชิโน,กาปชิโน
teststea zredinlate,teststea zredinlate
 nose tea signature, nose tea signature
ความหวาน,ความหวาน
50%,50%
pi cemhiusa,pi cemhiusa
 stooii gel, stooii gel
r smmi gi ;,r smmi gi ;
ก,ก
re stooif,re stooif
1. ทงคดสราเมน (xl),1. ทงคดสราเมน (xl)
อุดังเทมประ,อุดังเทมประ
(xl),(xl)
3. เกี้ยวชา(ภคา,3. เกี้ยวชา(ภคา
ปกติ),ปกติ)
4. ชชาเขียว refll,4. ชชาเขียว refll
(เปน),(เปน)
ชาจืน refill,ชาจืน refill
(รอน),(รอน)
nบ formll4 der,nบ formll4 der
8859210600102,8859210600102
nบ fopmula - der,nบ fopmula - der
8859210600102,8859210600102
plaltnerv tea,plaltnerv tea
8859617401272,8859617401272
 ballobaui fina1, ballobaui fina1
8809486363508,8809486363508
 dermedl-ac cle, dermedl-ac cle
8800066000110,8800066000110
oxe clre - acne,oxe clre - acne
8859510400655,8859510400655
885885$$-17924,885885$$-17924
2p onigiial - oh,2p onigiial - oh
8859708500495,8859708500495
 loreal extraor, loreal extraor
4992944111972,4992944111972
แซน วิชแยมชส,แซน วิชแยมชส
ไลกรลกทอส iii,ไลกรลกทอส iii
แไก่มุ่มสไปซ์สไตอ์มีูปู,แไก่มุ่มสไปซ์สไตอ์มีูปู
สลังหม่า itfiasie,สลังหม่า itfiasie
ม่าดัมคกึสต้า600มอ.,ม่าดัมคกึสต้า600มอ.
เสตมป์ 1,เสตมป์ 1
บาท 2566,บาท 2566
0008-9360-8903,0008-9360-8903
ref#2,ref#2
4784-4006-[909-ix00-0000,4784-4006-[909-ix00-0000
วโมกบุสธีบาธ,วโมกบุสธีบาธ
tailสมิiร,tailสมิiร
 bogo, bogo
al1 customler- th,al1 customler- th
 2pc, 2pc
 honey-, honey-
 butter biscuits, butter biscuits
Regular Coleslaw,Regular Coleslaw
 sequthickene combo, sequthickene combo
 coke l iff m, coke l iff m
 add-on coleslaw, add-on coleslaw
 mashed p., mashed p.
water,water
 spicy, spicy
ii- เค้กกหลานแสมหาาม,ii- เค้กกหลานแสมหาาม
buil.2,buil.2
fra j[ma,fra j[ma
wix,wix
l paracap วง0m6,l paracap วง0m6
 tempra forie, tempra forie
กะสายบืน 2oom.,กะสายบืน 2oom.
 caramrr v, caramrr v
 opsar iye lot, opsar iye lot
ยหหม่องล้ายทอ:!2ต:,ยหหม่องล้ายทอ:!2ต:
maa. oxal tm1 mil,maa. oxal tm1 mil
neobun เลัก,neobun เลัก
.'อลทอองลล์$r345^,.'อลทอองลล์$r345^
iavi (a?4]180!1,iavi (a?4]180!1
 geniian viou eา, geniian viou eา
rornf socc,rornf socc
nss เง0 osuxa,nss เง0 osuxa
สำภิก้อนราพยาบาล,สำภิก้อนราพยาบาล
ลีขาเว,ลีขาเว
s luckx 3d,s luckx 3d
ลีขา)วั.,ลีขา)วั.
หน้ากาค tpp,หน้ากาค tpp
1su.00,1su.00
ไอน้ำคำลือคาว !งml,ไอน้ำคำลือคาว !งml
ls.00,ls.00
ส้ม,ส้ม
ormna,ormna
dd,dd
tal,tal
de! tacarbon,de! tacarbon
mi6,mi6
zenzera,zenzera
alr x som6,alr x som6
 rigexpl as7ชนิดผ้น, rigexpl as7ชนิดผ้น
 d]inpyd)!a^a3, d]inpyd)!a^a3
torita,torita
แบนเนอร์กระดาษ,แบนเนอร์กระดาษ
 ขนาด 15x45cm., ขนาด 15x45cm.
กระดาษ แบบด้าน 260 แกรม,กระดาษ แบบด้าน 260 แกรม
พิมพ์ 4 สี 2 หน้า,พิมพ์ 4 สี 2 หน้า
ง.,ง.
ไม่รับทออง/ธ้อน/ส่ำ,ไม่รับทออง/ธ้อน/ส่ำ
 แถ้วอิสงกรรบโทแก่ร, แถ้วอิสงกรรบโทแก่ร
ทยงม่า,ทยงม่า
 ihb, ihb
iganeระ สมบาท30ไวัน,iganeระ สมบาท30ไวัน
สแตนดี้ฟิวเจอร์บอร์ด,สแตนดี้ฟิวเจอร์บอร์ด
5 มม. ขนาด 40 ซม.,5 มม. ขนาด 40 ซม.
ค่าจัดส่ง,ค่าจัดส่ง
c:ch,c:ch
chain,chain
ทระเาย al  8oแก1,ทระเาย al  8oแก1
กุข!งทลเหล่ม3,กุข!งทลเหล่ม3
"""tn4 """"|7186""","""tn4 """"|7186"""
 mix, mix
อกลมฮาร์ทบีทลัมโบ้ส,อกลมฮาร์ทบีทลัมโบ้ส
 7รaneสะสมบาท30วัน, 7รaneสะสมบาท30วัน
 photocard 2side *ตัดมุม ฺลายละ 35 ชิ้น, photocard 2side *ตัดมุม ฺลายละ 35 ชิ้น
พวงกุญแจอะคริลิค acm,พวงกุญแจอะคริลิค acm
สกรีน 2 ด้าน ขอบใส,สกรีน 2 ด้าน ขอบใส
125,125
เงินประกันการเช่า,เงินประกันการเช่า
วันที่ใช้,วันที่ใช้
กล่องลูกโปง,กล่องลูกโปง
เซตกล่องลูกโปงไซส์ 30x30 พร้อมข้อความ,เซตกล่องลูกโปงไซส์ 30x30 พร้อมข้อความ
# ป้ายฌ็อคล่องคอ+เซีย^ fka,# ป้ายฌ็อคล่องคอ+เซีย^ fka
วัวล้วนๆมีไวท์มอล,วัวล้วนๆมีไวท์มอล
ผสม,ผสม
m,m
หวานปกติ,หวานปกติ
ไข่มุก,ไข่มุก
"40,4*15.4 cm","40,4*15.4 cm"
กระดาบ art card 300 g,กระดาบ art card 300 g
พิมพ์ 2 ด้าน,พิมพ์ 2 ด้าน
"เฟอเรโร่ครีมเค้ก,20.00","เฟอเรโร่ครีมเค้ก,20.00"
เฟอเรโร่ครีมเค็ก.20.00,เฟอเรโร่ครีมเค็ก.20.00
เฟอเรโร่ครีมเค้ก.20.00,เฟอเรโร่ครีมเค้ก.20.00
 photobooth, photobooth
450,450
ก.,ก.
 เกรรไกร, เกรรไกร
6  1/2,6  1/2
นว,นว
ix12,ix12
%กล่อง$-022,%กล่อง$-022
(60 ลิตร),(60 ลิตร)
ลูกอมเ,ลูกอมเ
",มนทอสชาวร์มิกซ์100 เมด*1",",มนทอสชาวร์มิกซ์100 เมด*1"
%ด-biz,%ด-biz
 คัตเตอร์มลาสติก9mm, คัตเตอร์มลาสติก9mm
 เลก1x12, เลก1x12
ช เอรร่ถุงซิปาส 15x23,ช เอรร่ถุงซิปาส 15x23
ซม,ซม
o. 5กก,o. 5กก
 คุกกี้สิงครบร์, คุกกี้สิงครบร์
carnation-1-555,carnation-1-555
 gerbera cn-555, gerbera cn-555
 gerbera ml-555, gerbera ml-555
เทียนหอมผีเสือพร้อมตัาอักษร,เทียนหอมผีเสือพร้อมตัาอักษร
คาสง,คาสง
ค่าเช่ากล่องไฟ,ค่าเช่ากล่องไฟ
เงินประกันการเช่า,เงินประกันการเช่า
 ค่ากระดาษอธิบายโปรเจกต์และ, ค่ากระดาษอธิบายโปรเจกต์และ
 ค่าบริการ, ค่าบริการ
พิมพ์ปายสโลแกน,พิมพ์ปายสโลแกน
ขนาด 39x15 ชม.,ขนาด 39x15 ชม.
หน้าพิมพ์ 4 สี หลังพิมพ์ 1 สี,หน้าพิมพ์ 4 สี หลังพิมพ์ 1 สี
 กระดาษอาร์ดการ์ด 230g, กระดาษอาร์ดการ์ด 230g
มี 2 แบบ,มี 2 แบบ
"ละ 5,300 ใบ","ละ 5,300 ใบ"
พิม์หน้ากาก,พิม์หน้ากาก
ขนาด,ขนาด
15x15 ชม.,15x15 ชม.
ไดคัทดามแบบ,ไดคัทดามแบบ
เปือกคล้องหู,เปือกคล้องหู
 กระดาษ อาร์ตการ์ด 230g, กระดาษ อาร์ตการ์ด 230g
แหวนไฟ สีขาว,แหวนไฟ สีขาว
"10,600 ใบพิมพ์ป้ายสโบแกน","10,600 ใบพิมพ์ป้ายสโบแกน"
พิมพ์หน้ากาก,พิมพ์หน้ากาก
โหลละ,โหลละ
 ปากกาเขียนcd2หัวโยย่า โหลละ, ปากกาเขียนcd2หัวโยย่า โหลละ
 katsu  saimon w/rice  vm16, katsu  saimon w/rice  vm16
 >kaokatsusa imon, >kaokatsusa imon
 >reg fries, >reg fries
)7,)7
 coke, coke
16,16
oz,oz
"น้่ำงมคริสต้า600มอ,","น้่ำงมคริสต้า600มอ,"
เทปกระงาษกาวอ่น,เทปกระงาษกาวอ่น
108  1gaeส:สฆบาท3(ว้น,108  1gaeส:สฆบาท3(ว้น
s0-bizของนากาล kb/ba,s0-bizของนากาล kb/ba
"""9""""1?.75""""'""","""9""""1?.75""""'"""
(21006005)2,(21006005)2
ป้ายคำพถ,ป้ายคำพถ
a3,a3
ชาเขียวนม ปัน,ชาเขียวนม ปัน
พวงกุญแจอะคริลิก,พวงกุญแจอะคริลิก
(พวงกุญแจอะคริลิ,(พวงกุญแจอะคริลิ
ก 6 ซม),ก 6 ซม)
 ค่าส่ง j&t express, ค่าส่ง j&t express
"""พัดใสรองขาว 6x6""""""","""พัดใสรองขาว 6x6"""""""
"""โพสอิสสติคเอ็น""""3*3"""" สะท้อนแสงโหลละ**""","""โพสอิสสติคเอ็น""""3*3"""" สะท้อนแสงโหลละ**"""
กาวดินนำมัน แผงละ,กาวดินนำมัน แผงละ
สแตนดี้อะคริลิก (ข,สแตนดี้อะคริลิก (ข
นาดพิเศษ),นาดพิเศษ)
ค่าส่ง j&t express,ค่าส่ง j&t express
standce pp board,standce pp board
mm with,mm with
standee pp board,standee pp board
mm with,mm with
di cut standee,di cut standee
สแตนดีมีขาตัง,สแตนดีมีขาตัง
ไดคัท,ไดคัท
 จัดส่งด้วยรถบริษัทในเขต กทม ปริมณฑล, จัดส่งด้วยรถบริษัทในเขต กทม ปริมณฑล
bangkok area delivery,bangkok area delivery
งาน,งาน
backdrop,backdrop
ตัวอักษรไฟ เพิมมา,ตัวอักษรไฟ เพิมมา
ดัว,ดัว
เกล่องพลาสวูดทาสืฟนตึดตัวอักษร peck,เกล่องพลาสวูดทาสืฟนตึดตัวอักษร peck
แทนวางของ 3,แทนวางของ 3
ชิ้น,ชิ้น
ปู่พรม,ปู่พรม
ncthicken  wi hed,ncthicken  wi hed
1 ii french fries,1 ii french fries
3llk,3llk
fanta strawberri 16 oz.,fanta strawberri 16 oz.
 cupsleeve yorch (สีชมพู), cupsleeve yorch (สีชมพู)
 cupsleeve yorch ( สึน้ำเงิน), cupsleeve yorch ( สึน้ำเงิน)
แม่เหล็กติคตู้เย็นไใดคัทมุมมนขนาด 4.7 x 7.1 cm หนา o.5 mm,แม่เหล็กติคตู้เย็นไใดคัทมุมมนขนาด 4.7 x 7.1 cm หนา o.5 mm
แบบบาง ),แบบบาง )
"จ่านวน 1,180 ขิ้น , ละ 4.5 บาท","จ่านวน 1,180 ขิ้น , ละ 4.5 บาท"
 cupsleeve, cupsleeve
ธรรมดา,ธรรมดา
gloss 3ougsm,gloss 3ougsm
photo,photo
 2x3inch, 2x3inch
 fu]i, fu]i
photo,photo
 axbincn, axbincn
 fu]i, fu]i
poster,poster
a3,a3
18ogsm,18ogsm
pl505-bag-bubblebag_ white_15x20+4,pl505-bag-bubblebag_ white_15x20+4
pl511-8ag-bubblebag_ white_20x25+4,pl511-8ag-bubblebag_ white_20x25+4
pl001-l0 logistic& currier [ค่าขนส่ง],pl001-l0 logistic& currier [ค่าขนส่ง]
 ค่าพิมพงาน postrard ame, ค่าพิมพงาน postrard ame
 ค่าพิมพงาน postrard bright, ค่าพิมพงาน postrard bright
 ค่าพิมพ์งาน card (5 แบบ), ค่าพิมพ์งาน card (5 แบบ)
1. badge pin size 4.4,1. badge pin size 4.4
 2. เคลือบ uv ก้นป้า, 2. เคลือบ uv ก้นป้า
"""3. ถงแก้ว 1:1 ชิน""""""","""3. ถงแก้ว 1:1 ชิน"""""""
แผ่นลูกฟูก 13x18 cm. m105/m105 3ชัน,แผ่นลูกฟูก 13x18 cm. m105/m105 3ชัน
แผ่นลูกฟูก 11x15 cm. m105/m105 3ชั้น,แผ่นลูกฟูก 11x15 cm. m105/m105 3ชั้น
ใบเสร็จรับเงิน เล่มที่ 323 เลขที่ 16126,ใบเสร็จรับเงิน เล่มที่ 323 เลขที่ 16126
วาดเป็นตัวเต็มครึ่งต้า,วาดเป็นตัวเต็มครึ่งต้า
ภาพ sd เด็มดัวใส่ชุดแมวลีขาว,ภาพ sd เด็มดัวใส่ชุดแมวลีขาว
ภาพ sd เฉพาะสวมทัวชุดสัตว์,ภาพ sd เฉพาะสวมทัวชุดสัตว์
ภาพชุดเสื้อโค้ท standee เต็มตัว,ภาพชุดเสื้อโค้ท standee เต็มตัว
รุบธีมไพ่,รุบธีมไพ่
 standee 11 cm, standee 11 cm
standee,standee
 make a bright wish 2023, make a bright wish 2023
สแดนดี11 cm ฐานพิมพ์ลาย5ชม 35,สแดนดี11 cm ฐานพิมพ์ลาย5ชม 35
 shipping 3, shipping 3
 express/ messenger, express/ messenger
ทูน่าครีม,ทูน่าครีม
ทูน่าครีม,ทูน่าครีม
สลัดธภัญฟีช,สลัดธภัญฟีช
สลัดธัญฟืช,สลัดธัญฟืช
ป้าย  ขนาด 42 x 14,ป้าย  ขนาด 42 x 14
cm.,cm.
2  แบบ@1,2  แบบ@1
500  ใบ,500  ใบ
กระดาษ อาร์ตมัน,กระดาษ อาร์ตมัน
160 แกรม,160 แกรม
พิมพ์สี 2  ฺหน้า,พิมพ์สี 2  ฺหน้า
 ค่าเช่ากล่องไฟ, ค่าเช่ากล่องไฟ
เงินประกันการเช่า,เงินประกันการเช่า
 scorch, scorch
nhiie,nhiie
 adisie, adisie
3 7น[,3 7น[
scorch hhiie,scorch hhiie
 adhesive 37ul ., adhesive 37ul .
เทาวทาวเอนกประศะกสภัยตร์ iif มส.(ถาท็ซ์,เทาวทาวเอนกประศะกสภัยตร์ iif มส.(ถาท็ซ์
เหรขาวแนกประสงหก์สกถหรฺรามก.ไ้าเพีกร์1,เหรขาวแนกประสงหก์สกถหรฺรามก.ไ้าเพีกร์1
mr dix shopp ing bag,mr dix shopp ing bag
fishing,fishing
lines-25,lines-25
 pruner ]f2486-8, pruner ]f2486-8
 sewing needle 60s ht2110#, sewing needle 60s ht2110#
 xmas, xmas
tinsel  garland  sx16cd-19#,tinsel  garland  sx16cd-19#
ทวะดางแท้ว,ทวะดางแท้ว
(ox100),(ox100)
เอลเฟนเผนรอ 300x220มม,เอลเฟนเผนรอ 300x220มม
a4,a4
ธาารังาวทิตหลาสดิกรoeka,ธาารังาวทิตหลาสดิกรoeka
(w),(w)
30๓1,30๓1
อีบี,อีบี
คัดเตกร,คัดเตกร
โลตํสน้าดิ่ม220มลk12,โลตํสน้าดิ่ม220มลk12
cp12_ โลตัสฺน้าดิมฺ3,cp12_ โลตัสฺน้าดิมฺ3
 scotci กรรไกร รุ่น, scotci กรรไกร รุ่น
 แม็กซ์ เครื่องเย็บกร, แม็กซ์ เครื่องเย็บกร
 แม็กซ์ เครื่องเย็บกร, แม็กซ์ เครื่องเย็บกร
 liax ลาดเย็บ 10-1| x4, liax ลาดเย็บ 10-1| x4
ตราม้ามีดคัตเตอร์$il,ตราม้ามีดคัตเตอร์$il
สราม้ามืดคัตเตอร์$il,สราม้ามืดคัตเตอร์$il
 scotci กรรไกร รุ่น, scotci กรรไกร รุ่น
เทปใส 500  3/4x36#ลาน,เทปใส 500  3/4x36#ลาน
เทปใส 500  3/4/36#ลาน,เทปใส 500  3/4/36#ลาน
โลหัสกระดาษกาาย่น48x,โลหัสกระดาษกาาย่น48x
coke,coke
 leo, leo
leo 3 ขวด,leo 3 ขวด
 รู้oda, รู้oda
"15,00","15,00"
นาแข็ง,นาแข็ง
แซลมอนชาซิม,แซลมอนชาซิม
ต้นฟัวปลาแซลมอน,ต้นฟัวปลาแซลมอน
ต้มปลาคัง,ต้มปลาคัง
ถัวทอด,ถัวทอด
ย่าตะไค้กุงลวก,ย่าตะไค้กุงลวก
ฝ่าีดภุงทaอด7ไเลวก,ฝ่าีดภุงทaอด7ไเลวก
สลัดหมูย่าง,สลัดหมูย่าง
 เอ็นไก่ทอด, เอ็นไก่ทอด
วารรา.,วารรา.
al conor.,al conor.
 อาหารและเครื่องดืม, อาหารและเครื่องดืม
tomahawk (100og),tomahawk (100og)
 +m/d, +m/d
 caesar salad, caesar salad
shushi set(7อยาง),shushi set(7อยาง)
 sashimi 3 kinds, sashimi 3 kinds
hot green tea,hot green tea
ปากแสฟทะเอ),ปากแสฟทะเอ)
เมือปู่มัดมงกะพร,เมือปู่มัดมงกะพร
ปลากระพงหอดราดป้าปลา,ปลากระพงหอดราดป้าปลา
โปะแหกหะเล{มม้อ),โปะแหกหะเล{มม้อ)
ฝัดผ์กรามฝ้ามัน#อม,ฝัดผ์กรามฝ้ามัน#อม
อบรุ้มเส้น(กุ้งแธป้วน),อบรุ้มเส้น(กุ้งแธป้วน)
ไยกระป๋กปู,ไยกระป๋กปู
ช่าวสวม(โล),ช่าวสวม(โล)
เครืองสม45,เครืองสม45
ฝ่าเนล่า,ฝ่าเนล่า
ฝ่าแจงโหญ่,ฝ่าแจงโหญ่
leo 3 ขวด,leo 3 ขวด
ป่า,ป่า
น้าแป็ง,น้าแป็ง
ไขเปียาม้ากะเพรากรอบ,ไขเปียาม้ากะเพรากรอบ
ปลาคังลวกจิ๋ม,ปลาคังลวกจิ๋ม
ป่าแปลมอน,ป่าแปลมอน
บุทรี lm เขียว,บุทรี lm เขียว
ไฟแข็ด,ไฟแข็ด
โซดา,โซดา
น้ำแข็ง(ใหญี).,น้ำแข็ง(ใหญี).
;,;
น้ำแฉ้นดวไปเปอร.,น้ำแฉ้นดวไปเปอร.
ไก่ครีมมะนาว.,ไก่ครีมมะนาว.
ปูนิ่มทอดกระเทียม.,ปูนิ่มทอดกระเทียม.
หอยนางรมทรงเครื่อง.,หอยนางรมทรงเครื่อง.
คลิปมินท.,คลิปมินท.
มาโบโร,มาโบโร
 หมูทอดทรงเครือง., หมูทอดทรงเครือง.
สลัดทูน่า,สลัดทูน่า
สปาเกตตี้หมูกระเทียมพริก,สปาเกตตี้หมูกระเทียมพริก
ไทย(ราคาปกติ),ไทย(ราคาปกติ)
 ป้าวราดกระเพรา(หมู), ป้าวราดกระเพรา(หมู)
ไข(ไขดาว),ไข(ไขดาว)
ค้อมงมยานสมิหฺโชดา),ค้อมงมยานสมิหฺโชดา)
ดอกเกลือ,ดอกเกลือ
ม่าเปา่า,ม่าเปา่า
ฝ่าแม้ง,ฝ่าแม้ง
(ไหญ่),(ไหญ่)
ม่าพวิกปุ่ทาม,ม่าพวิกปุ่ทาม
เอ็นทอนฝัดจ่า,เอ็นทอนฝัดจ่า
ฝัดฝักมุ่งฝอมหมุกาอม,ฝัดฝักมุ่งฝอมหมุกาอม
ปาฝัาเากะทา,ปาฝัาเากะทา
เฬิึกแคลเค็นา,เฬิึกแคลเค็นา
แกงสัมกุาขะอมไป่,แกงสัมกุาขะอมไป่
ป้าวกาน ไก,ป้าวกาน ไก
(ปิด)สุงใหญ่เผา,(ปิด)สุงใหญ่เผา
ขาวฝัดปู,ขาวฝัดปู
(เจ็ก),(เจ็ก)
ใท่ง,ใท่ง
กอดปอง,กอดปอง
กาะกอบแก้า,กาะกอบแก้า
ea,ea
กูะยูกู่รยูส8ง..,กูะยูกู่รยูส8ง..
s8i tยทpr,s8i tยทpr
saba shioyaki,saba shioyaki
 coha se, coha se
บีต upamak1,บีต upamak1
 salmon, salmon
เตไบ,เตไบ
efpiao,efpiao
คาeรน,คาeรน
เรีบรา,เรีบรา
รูeารู,รูeารู
sush!,sush!
ก,ก
 sushi, sushi
 mnercn3, mnercn3
water,water
ea,ea
2,2
กูะยูกู่รยูส8ง..,กูะยูกู่รยูส8ง..
40,40
s8i tยทpr,s8i tยทpr
s0.,s0.
saba shioyaki,saba shioyaki
 coha se, coha se
บีต upamak1,บีต upamak1
 salmon, salmon
เตไบ,เตไบ
efpiao,efpiao
คาeรน,คาeรน
เรีบรา,เรีบรา
รูeารู,รูeารู
sush!,sush!
ก,ก
 sushi, sushi
 mnercn3, mnercn3
water,water
แครงลาก,แครงลาก
ข้าามัดปู(ใหม่),ข้าามัดปู(ใหม่)
มงฉ่า,มงฉ่า
น้ำเข็ง,น้ำเข็ง
น่ำเปล่า,น่ำเปล่า
น่าขาด(ล),น่าขาด(ล)
ปูม้านึง,ปูม้านึง
ฝงเผา36d,ฝงเผา36d
ฟาเปล่าใหญ,ฟาเปล่าใหญ
แกงสมปะอม(ภวม),แกงสมปะอม(ภวม)
ทอบมางรมทางเคร่อง,ทอบมางรมทางเคร่อง
ข้าวจา:,ข้าวจา:
zาหารและเครืวงดิม,zาหารและเครืวงดิม
 ขนมหน้าแตก ใบเดย, ขนมหน้าแตก ใบเดย
 เล็ก, เล็ก
โสมนัส ใหญ่,โสมนัส ใหญ่
 คุกกี้สับปะรดภูเก็ต /เล, คุกกี้สับปะรดภูเก็ต /เล
 ปลาฉิ้งฉ้าง รสเค็ม, ปลาฉิ้งฉ้าง รสเค็ม
 เล็ก, เล็ก
เฉาก๊วยภูเก็ต,เฉาก๊วยภูเก็ต
ใหญ่,ใหญ่
 เฉาก๊วยแปะก๊วย/เล็ก, เฉาก๊วยแปะก๊วย/เล็ก
 เฉาก๊วยไข่มุก, เฉาก๊วยไข่มุก
 chocolate shake, chocolate shake
take away,take away
cold brew,cold brew
orange tonic,orange tonic
take away,take away
ต้มฝ่ากุ้ง-ป้าปัน(หม้อเลก ),ต้มฝ่ากุ้ง-ป้าปัน(หม้อเลก )
 ลูกชื้นปลาลวกจิ้ม, ลูกชื้นปลาลวกจิ้ม
ข้าวจาน,ข้าวจาน
n.129 ทะเลจานร้อน,n.129 ทะเลจานร้อน
n.83 ปู่นึ่มทอดกระเฟียมพริก,n.83 ปู่นึ่มทอดกระเฟียมพริก
ไทย,ไทย
น้าฟิพย์,น้าฟิพย์
น้าแซง30,น้าแซง30
แตงโมปัน,แตงโมปัน
 caramel milk(ปั่น ), caramel milk(ปั่น )
 cocoa(ปน), cocoa(ปน)
สป่าเกตตี้คาโบนารา,สป่าเกตตี้คาโบนารา
สปาเกตตี้ชอสมะเขือเทศ,สปาเกตตี้ชอสมะเขือเทศ
"thal milk tea(cold., สูดร:","thal milk tea(cold., สูดร:"
ทาานเอบ),ทาานเอบ)
สัมบะงดรอเมอรร&ครม,สัมบะงดรอเมอรร&ครม
"อเมรกาโน (กลาง,รอน)","อเมรกาโน (กลาง,รอน)"
 butter croissant, butter croissant
ham cheese,ham cheese
 croissant, croissant
ฝูใหญ่,ฝูใหญ่
หม้อจิ้มจุ่ม,หม้อจิ้มจุ่ม
น้าดืมคริสตัล,น้าดืมคริสตัล
น้าแซงสัง,น้าแซงสัง
ร่กรม[ ใหญ่],ร่กรม[ ใหญ่]
si,si
wv,wv
นำแข็ง[ใหญ่],นำแข็ง[ใหญ่]
ไฮเนเก้น,ไฮเนเก้น
ข้าวฝัดกุง,ข้าวฝัดกุง
 omelette with cheese & cris_, omelette with cheese & cris_
 yum crispy catfish, yum crispy catfish
1 thai fried egg,1 thai fried egg
ก๊วยเตียวต้มยาทรังเครื่องทะเล,ก๊วยเตียวต้มยาทรังเครื่องทะเล
ข้าวฝัดนำพริกปลาสลิด-ฝุงแม่,ข้าวฝัดนำพริกปลาสลิด-ฝุงแม่
aspicy minced pork in south.,aspicy minced pork in south.
 water, water
beer singha,beer singha
pork cube,pork cube
iced,iced
 cresppinc, cresppinc
milk,milk
iced lime juice,iced lime juice
 audrey cream of mushroomn, audrey cream of mushroomn
thai tea,thai tea
 cake, cake
 milo, milo
inrerotic,inrerotic
icie. csizxingcreamn,icie. csizxingcreamn
ฟับฟิมกรอบ,ฟับฟิมกรอบ
ทับทิมกรอบ,ทับทิมกรอบ
1. ทงคดฝึราเมน (xl),1. ทงคดฝึราเมน (xl)
2. ฟันตันเมน (xl),2. ฟันตันเมน (xl)
ชาจีน refill,ชาจีน refill
(เdน),(เdน)
ชาจีน refill,ชาจีน refill
(ร้อน),(ร้อน)
bv americano-8,bv americano-8
ob-16 fichocolate,ob-16 fichocolate
สกดบาทนา,สกดบาทนา
เฟม ฟกทอง,เฟม ฟกทอง
มาแร,มาแร
ยูใหล,ยูใหล
ปาเปล่าไทก,ปาเปล่าไทก
น้าแปง,น้าแปง
(lm)l สสดุสานคาเพอ,(lm)l สสดุสานคาเพอ
ภายนยนาเา,ภายนยนาเา
128.,128.
(tพ)ข้าวหน้า ยำปูอัดแซลมอน.,(tพ)ข้าวหน้า ยำปูอัดแซลมอน.
ntw)m สลัดกะเพร้าอกไก่,ntw)m สลัดกะเพร้าอกไก่
(tw)m การเด้นสลัด,(tw)m การเด้นสลัด
ว99,ว99
มอำโมรมาเพสม,มอำโมรมาเพสม
มคาแซลมอนะมุพเฟติยาค,มคาแซลมอนะมุพเฟติยาค
สมงะมฟเฟศนา^,สมงะมฟเฟศนา^
นำเอมา(refll),นำเอมา(refll)
แปน,แปน
 creentea, creentea
เห้ดเอริง์-มฟเฟต์นาค,เห้ดเอริง์-มฟเฟต์นาค
ปลาขาบ*- มฟเฟตบา^,ปลาขาบ*- มฟเฟตบา^
วบอส ฺหมุสันคอ-บฟเฟต์นาคํ,วบอส ฺหมุสันคอ-บฟเฟต์นาคํ
ใสครอกรมควัน- มฟเฟต์บาค,ใสครอกรมควัน- มฟเฟต์บาค
3เกส้,3เกส้
ขาวกระ,ขาวกระ
.ทิมมะมฟเฟต์บาค,.ทิมมะมฟเฟต์บาค
6ขอส ฺหมเบคอน-บฟเฟตนาค,6ขอส ฺหมเบคอน-บฟเฟตนาค
เซอสเนือธรรมดา-บุฟเฟต์บาก,เซอสเนือธรรมดา-บุฟเฟต์บาก
 ฝักกาดทอม-บฟเฟต์ยาค, ฝักกาดทอม-บฟเฟต์ยาค
ขุปเฟ็ดเข็มทอง-บฟเฟต์บาค,ขุปเฟ็ดเข็มทอง-บฟเฟต์บาค
กัวแดงเฝ็น(3),กัวแดงเฝ็น(3)
โกไก'ปแ],โกไก'ปแ]
แมชมหูเบน],แมชมหูเบน]
แทงไมปัน,แทงไมปัน
แคนสาอุปเน,แคนสาอุปเน
ไำฝน[_),ไำฝน[_)
ม่าเบ่ง[ไทเ,ม่าเบ่ง[ไทเ
ชามมเฝีม่ราดาปกม),ชามมเฝีม่ราดาปกม)
ฝาาชมสปชาร,ฝาาชมสปชาร
ทกสมนา,ทกสมนา
นกเคลไท,นกเคลไท
รชืา,รชืา
หมูทอดงา,หมูทอดงา
แกงแคไก่,แกงแคไก่
 ตำเฮือนลำพูน, ตำเฮือนลำพูน
ข้าวกันจิ๋น,ข้าวกันจิ๋น
ข้าวคลุกงา,ข้าวคลุกงา
นำดื่ม,นำดื่ม
แข็งแก้ว,แข็งแก้ว
pro choc ring+strawstrlpe,pro choc ring+strawstrlpe
5999170 ikea drinking,5999170 ikea drinking
599914578 add. in chicken,599914578 add. in chicken
599914577 add- on 5 veg di,599914577 add- on 5 veg di
599912001 251|88,599912001 251|88
 598714034 baked, 598714034 baked
ธนเก๊กรว140,ธนเก๊กรว140
กำเหา่างไาหามือค์,กำเหา่างไาหามือค์
พุหาทิพฺทกาทร์ก,พุหาทิพฺทกาทร์ก
กรัมลาบน้ำปไแซ.ซี,กรัมลาบน้ำปไแซ.ซี
เอ่มเก็นเก๊กยวฬ40,เอ่มเก็นเก๊กยวฬ40
กีปต้นไอซ์ทีเอมฮน,กีปต้นไอซ์ทีเอมฮน
น่ำด์มหาสต้าไ.5จัด,น่ำด์มหาสต้าไ.5จัด
ชานมอัสสัม +,ชานมอัสสัม +
 (m (line)), (m (line))
ระดับความหวาน:,ระดับความหวาน:
ทวาน 25%,ทวาน 25%
 topping max 4:, topping max 4:
โมง,โมง
2 ชานมอัสสัม +,2 ชานมอัสสัม +
ไปมุกโมง (m(line),ไปมุกโมง (m(line)
ระดับความหวาน:,ระดับความหวาน:
หวาน 50%,หวาน 50%
 topping max 4:, topping max 4:
โมง,โมง
 topping max 4:, topping max 4:
ทนีบบราวน์ชุการ์,ทนีบบราวน์ชุการ์
ไขมุกโมง,ไขมุกโมง
ไปมุก,ไปมุก
ไปมุก,ไปมุก
 อาหาร-เครื่องดื่ม, อาหาร-เครื่องดื่ม
ยาาันเสนไขม:ดูมกุงสด,ยาาันเสนไขม:ดูมกุงสด
ก่วยเดียานำตมมาสโขทยไยม:ตูม 278.00,ก่วยเดียานำตมมาสโขทยไยม:ตูม 278.00
เสนทมีเทลือง,เสนทมีเทลือง
ก่ายเดียาตัมยาหมูมะนาวใสตาลึง,ก่ายเดียาตัมยาหมูมะนาวใสตาลึง
นา,นา
เฝ้นท์แ]เทลือง,เฝ้นท์แ]เทลือง
foie6rs sushi,foie6rs sushi
 foiegras sushi frfe, foiegras sushi frfe
anurisa iranfaiehlesni,anurisa iranfaiehlesni
 forecras manco sushi, forecras manco sushi
2foiegras mango sush.: frge,2foiegras mango sush.: frge
water,water
 unag| sush| 40%, unag| sush| 40%
salmon tor0 fole,salmon tor0 fole
salmon sashimi pr,salmon sashimi pr
salmon cheese rc,salmon cheese rc
hotate top un/ lini,hotate top un/ lini
 hamachi sashim|, hamachi sashim|
hotate menta/ sus,hotate menta/ sus
ขยายไก,ขยายไก
 ragular l, ragular l
แขลมอบรมคาบ,แขลมอบรมคาบ
เปาอนารอบ,เปาอนารอบ
มะาอกดา,มะาอกดา
หาเมยาบปร,หาเมยาบปร
สูปารคลิงฺฟรคค,สูปารคลิงฺฟรคค
ป้ายอปป้ราม,ป้ายอปป้ราม
l สลัดยาทูน่า,l สลัดยาทูน่า
-12.50,-12.50
 kimchi noodle, kimchi noodle
 kimchi noodle, kimchi noodle
 not add on, not add on
 bonchon thighs, bonchon thighs
thigh,thigh
soy,soy
calle,calle
thighe (s),thighe (s)
rice,rice
tw)aoncnon,tw)aoncnon
thiana,thiana
ia,ia
atw)rhign,atw)rhign
^,^
(7ข),(7ข)
.อ๖,.อ๖
(tw)rice,(tw)rice
 gyoza, gyoza
 gyoza, gyoza
 garlic (g), garlic (g)
mill je,mill je
] atorofinhitsue,] atorofinhitsue
 salhun maljini ail, salhun maljini ail
diie0 sushi p,diie0 sushi p
eitana sush.!,eitana sush.!
liagi sush.!,liagi sush.!
pro,pro
foie frus sushi frd,foie frus sushi frd
saln!/ saahii[ po,saln!/ saahii[ po
rice,rice
hater,hater
มาขาเขนาม:,มาขาเขนาม:
ฆชาร สสด,ฆชาร สสด
m ศลตอกไท,m ศลตอกไท
มาคคอโรฟกคเคมอน,มาคคอโรฟกคเคมอน
 specia1 bow1, specia1 bow1
spi burr),spi burr)
 ud.n(r), ud.n(r)
"ss dis ll_pork16b,","ss dis ll_pork16b,"
 beef bow1 set, beef bow1 set
bf}{r)-{om1,bf}{r)-{om1
miso  suup- con,miso  suup- con
sa lad- (om,sa lad- (om
lipton. com,lipton. com
minera1,minera1
later,later
ice 03. {)0,ice 03. {)0
pork,pork
 crispv salmon roll, crispv salmon roll
 pro, pro
salmon sashimi,salmon sashimi
pro,pro
foieuras sushi pr0,foieuras sushi pr0
crunchyunagifoiesush,crunchyunagifoiesush
 salmon foie roll  mem, salmon foie roll  mem
 hotate sashimi, hotate sashimi
ชาเขียวร้อน,ชาเขียวร้อน
ชาเขิยวเย็น,ชาเขิยวเย็น
ทอนจอบ,ทอนจอบ
ลาบปลานาโบง,ลาบปลานาโบง
ปลานาำโขงทอดกระเทนม,ปลานาำโขงทอดกระเทนม
หมูคาทวาน,หมูคาทวาน
ดัมบ้ายปลานำโขง (ใหญ่),ดัมบ้ายปลานำโขง (ใหญ่)
น้าอดลม (ใหญ่),น้าอดลม (ใหญ่)
น้ำแปง,น้ำแปง
ป้าวสาย,ป้าวสาย
ชาทอมมิกซ์เบอร์รีปันนุมชีส(_,ชาทอมมิกซ์เบอร์รีปันนุมชีส(_
 (shop) ความหวาน: หวานปกติ), (shop) ความหวาน: หวานปกติ)
down payment,down payment
|8806095373232| samsun6,|8806095373232| samsun6
9,9
 galaxy $24 ultra 12/51268, galaxy $24 ultra 12/51268
fiitanlum violet),fiitanlum violet)
 uvinvislble wth case, uvinvislble wth case
 magsafe for samsunc, magsafe for samsunc
 galaxy s24 ultra ics), galaxy s24 ultra ics)
8 x 1.00,8 x 1.00
apcs],apcs]
(8806095056354) sam4sunc,(8806095056354) sam4sunc
 roapter 2sw (black), roapter 2sw (black)
0.00 8 x 1.00 |pcs),0.00 8 x 1.00 |pcs)
 lot:, lot:
เมื่อจอง samsung galaxy s24,เมื่อจอง samsung galaxy s24
samsung galax/ $24,samsung galax/ $24
samsung:เซ็นทรัลเวิลด์,samsung:เซ็นทรัลเวิลด์
และ[010030002a|368,และ[010030002a|368
t ป็อกโกแลต_ปัน,t ป็อกโกแลต_ปัน
t milk tea say cheese,t milk tea say cheese
tหวานป้อย 50%,tหวานป้อย 50%
น้่ำต่มเพ็ถวไอฟ์ 6o0,น้่ำต่มเพ็ถวไอฟ์ 6o0
คอมเบ-โยเกิร์ต,คอมเบ-โยเกิร์ต
บุฟเฟต์,บุฟเฟต์
เลัดชีข่ารไก่,เลัดชีข่ารไก่
(tw)m สลัดทูนาครีม,(tw)m สลัดทูนาครีม
ซปน้ำดำ,ซปน้ำดำ
1 9,1 9
83-soya,83-soya
ice,ice
cream,cream
ง & พาเมชานชีสสตีก,ง & พาเมชานชีสสตีก
โลวนิลา,โลวนิลา
med wild berry jce,med wild berry jce
 orig k.w, orig k.w
 choc, choc
 orig al1 berry bang, orig al1 berry bang
horlick box {m),horlick box {m)
 chorolate s cake, chorolate s cake
red velvet cake mini,red velvet cake mini
lemon yogurt cake,lemon yogurt cake
white chocolate,white chocolate
 cheesecake, cheesecake
cafe latte,cafe latte
1 x (b.b)true roast,1 x (b.b)true roast
 lanespelare, lanespelare
mug,mug
hold,hold
 lanespelare, lanespelare
mug,mug
hold,hold
tisken,tisken
hook,hook
w.,w.
suctio,suctio
nvsk0l jd,nvsk0l jd
dish  drying,dish  drying
frakta,frakta
n.,n.
 carrier  bag, carrier  bag
 kati  sundae, kati  sundae
 banoffee toasty sundae, banoffee toasty sundae
all you can eat,all you can eat
 ผู้ใหญ่, ผู้ใหญ่
 #pro discount 5%, #pro discount 5%
for bbl,for bbl
 daifuku redbean(free), daifuku redbean(free)
 daifuku custard(free), daifuku custard(free)
 daifuku greentea(free), daifuku greentea(free)
ice cream-,ice cream-
 charcoal{free), charcoal{free)
ice cream rice,ice cream rice
 milk(free), milk(free)
ice cream-,ice cream-
 greentea(free), greentea(free)
 sherbet ume(free), sherbet ume(free)
 mix shabu suki, mix shabu suki
 kurobuta shoulder, kurobuta shoulder
 kurobuta loin, kurobuta loin
 aus. beef, aus. beef
 udon, udon
 chicken dumpling, chicken dumpling
duck,duck
 egg{free], egg{free]
sesame sauce{free),sesame sauce{free)
ponsu sauce(free),ponsu sauce(free)
 sweet shoyu, sweet shoyu
 sauce(free), sauce(free)
 nose tea signature, nose tea signature
ความหวาน : 50%,ความหวาน : 50%
as . 0c,as . 0c
hiyed,hiyed
zerrv,zerrv
e11ข้าวไร่ดอกข่าหมูกรอบ,e11ข้าวไร่ดอกข่าหมูกรอบ
ริpิ03สปาเก็ตตี้คาโป้นารา,ริpิ03สปาเก็ตตี้คาโป้นารา
aัด3ผักโขมอมชีส,aัด3ผักโขมอมชีส
สินจิสตอวิตอีรัดจสลาเค็ม,สินจิสตอวิตอีรัดจสลาเค็ม
ชาไทยเย็น,ชาไทยเย็น
water,water
1 g1/signatuae ch,1 g1/signatuae ch
>1 fon heae,>1 fon heae
1 g1/signatuae ch,1 g1/signatuae ch
>1 fon heae,>1 fon heae
 neptune gooml, neptune gooml
นมน้าตาลแดง,นมน้าตาลแดง
ไปมุกโมจิ,ไปมุกโมจิ
ระดับความหวาน;,ระดับความหวาน;
50%,50%
หวาน,หวาน
"480,00","480,00"
tart,tart
"300,00","300,00"
 cheese, cheese
 chou, chou
 (cup), (cup)
โรลานิลา,โรลานิลา
โรลกาแฟ,โรลกาแฟ
2 kati,2 kati
 sundae $  (099), sundae $  (099)
2 kati,2 kati
 sundae boat, sundae boat
(@169),(@169)
2 quart-sw card,2 quart-sw card
สลัดชีบารไก่,สลัดชีบารไก่
สลัดทูน่าครีม,สลัดทูน่าครีม
สุที่,สุที่
ผู่ใหญ่,ผู่ใหญ่
น้ำรีฟิลล์ฝูไหญ่,น้ำรีฟิลล์ฝูไหญ่
 อาบนากนนะ., อาบนากนนะ.
83-soya ice,83-soya ice
cream,cream
red honey,red honey
lime,lime
soda,soda
 orange  100&, orange  100&
cold,cold
pre  cup,pre  cup
(tw)m ทูนาครีม,(tw)m ทูนาครีม
tw)l ทูนาคริม,tw)l ทูนาคริม
(tw)l สลัดชีซารไก่,(tw)l สลัดชีซารไก่
orig strawb  squeeze,orig strawb  squeeze
a5,a5
1.14000003'29837,1.14000003'29837
di มี,di มี
เนสันทาวa5,เนสันทาวa5
2 3383548883284,2 3383548883284
3.3474370026729,3.3474370026729
3856602035530 ซองชิปตาข่ายซิลีโคน,3856602035530 ซองชิปตาข่ายซิลีโคน
bo2สมุดไนตรีมห่วง,bo2สมุดไนตรีมห่วง
 สมุตปกฺ่อ, สมุตปกฺ่อ
บ่ากกาสนคำผิดสีนำเงิน,บ่ากกาสนคำผิดสีนำเงิน
 nose tea signature, nose tea signature
ความทวาน,ความทวาน
70%,70%
blissful lxchee,blissful lxchee
 smootriie (n), smootriie (n)
ความหวาน,ความหวาน
70%,70%
 nose tea signature, nose tea signature
ความหวาน,ความหวาน
70%,70%
blissful lychee,blissful lychee
smootriie (n),smootriie (n)
ความหวาน ; 70%,ความหวาน ; 70%
"av,istenatune tn","av,istenatune tn"
b1 โฟว์ซีซั่นส์ สปริงแท้ original 4 seasons spring,b1 โฟว์ซีซั่นส์ สปริงแท้ original 4 seasons spring
 cheese tart, cheese tart
83-soya,83-soya
ice,ice
cream,cream
thai tea iced,thai tea iced
3 x 30% light sweet,3 x 30% light sweet
โรลนมสด,โรลนมสด
 ไวท์ & มิลค์ช็อคโกเค้ก, ไวท์ & มิลค์ช็อคโกเค้ก
ดับเปิลบลูเบอรรีเค้ก,ดับเปิลบลูเบอรรีเค้ก
บัดเตอร์ครีมวนิลาแยม (คู่,บัดเตอร์ครีมวนิลาแยม (คู่
บัตเดอร์ครีมเคก (คู),บัตเดอร์ครีมเคก (คู)
 มาร์เบิลโรลปอคโกแลด, มาร์เบิลโรลปอคโกแลด
บลูเบอร์รี่ปีสทาร์ต,บลูเบอร์รี่ปีสทาร์ต
ชาหอมมิกซ์เบอรรีปันปมชส(l,ชาหอมมิกซ์เบอรรีปันปมชส(l
" (shop), ความหวาน: หวานน้อย)"," (shop), ความหวาน: หวานน้อย)"
ฝชเชอร์แมผลกอม,ฝชเชอร์แมผลกอม
ฝิชเออร์แก้นยาอม,ฝิชเออร์แก้นยาอม
ม่าแร่มีเนเร่ 500,ม่าแร่มีเนเร่ 500
สเซอร์.กอา์ส.ค๊ากุ่ง,สเซอร์.กอา์ส.ค๊ากุ่ง
แร็งพังเกอร์,แร็งพังเกอร์
ยอคเอ,ยอคเอ
แสลมซ์,แสลมซ์
l.,l.
บาท 2566,บาท 2566
พุดดึ้งเฉาก๊วยนุ่ม,พุดดึ้งเฉาก๊วยนุ่ม
ชาชงดี slurpee,ชาชงดี slurpee
ความหวาน 75%,ความหวาน 75%
ชาชงร่วม shurpee,ชาชงร่วม shurpee
"""ลบาเก6|""""|43""","""ลบาเก6|""""|43"""
h.,h.
ชาหอมมิกซ์เบอร์รีปันนุ่มชีส(_,ชาหอมมิกซ์เบอร์รีปันนุ่มชีส(_
" (shop), ความหวาน: หวานปกติ)"," (shop), ความหวาน: หวานปกติ)"
s-k01 thai,s-k01 thai
tea,tea
 sbubb le, sbubb le
irig strawb  squeeze,irig strawb  squeeze
 original chou, original chou
ไม่รับหาอง/ก่วน/ส้ำ,ไม่รับหาอง/ก่วน/ส้ำ
หมากฝรังเสนท์แสเป,หมากฝรังเสนท์แสเป
ม่าาม.พ่ำาไฟ า50,ม่าาม.พ่ำาไฟ า50
ไอาม่า,ไอาม่า
ion  allb,ion  allb
kati,kati
 sundae, sundae
 banoffee toasty sundae, banoffee toasty sundae
สุกี มุฟเฟต มูไหญ่,สุกี มุฟเฟต มูไหญ่
มารีฟิลลัผูใหญ่,มารีฟิลลัผูใหญ่
น้ำมะนาวแช่เย็น fresh,น้ำมะนาวแช่เย็น fresh
 lemonade, lemonade
น้ำมะนาวแช่เย็น fresh,น้ำมะนาวแช่เย็น fresh
 lemonade, lemonade
ขำไก่ต่างฆ่าม,ขำไก่ต่างฆ่าม
ฟาเก่เพอร์ร่า,ฟาเก่เพอร์ร่า
รq0,รq0
li  ฟุหลลงหมึกต่ำงๆา,li  ฟุหลลงหมึกต่ำงๆา
บำวไก่เหอริยากิ,บำวไก่เหอริยากิ
แแมรรมาสาววาชชั้น,แแมรรมาสาววาชชั้น
.กรมเม่อว้าขวนงาก,.กรมเม่อว้าขวนงาก
ฝาลองเรยหริก,ฝาลองเรยหริก
เชคยป์,เชคยป์
1,1
บาท 2566,บาท 2566
3,3
บาท 2566,บาท 2566
51#-s,51#-s
 pepper  chicken burger, pepper  chicken burger
&,&
 nluggets apcs, nluggets apcs
plum nuต sauce,plum nuต sauce
 coke 12 oz., coke 12 oz.
pdouble choco,pdouble choco
 tea thai tea ice), tea thai tea ice)
 cafe latte(ice), cafe latte(ice)
cold brew,cold brew
italian soda(green apple),italian soda(green apple)
อาหาร เครืองดึม,อาหาร เครืองดึม
กุ้งแม่น้ำเผา,กุ้งแม่น้ำเผา
(ราคาตามน้ำหนักต่อก.ก.),(ราคาตามน้ำหนักต่อก.ก.)
แกงเขีขวหวาน ไก่,แกงเขีขวหวาน ไก่
บัวลอย,บัวลอย
ไอศครีม,ไอศครีม
เป็ปซี่ลิตร,เป็ปซี่ลิตร
น้ำเปล่า,น้ำเปล่า
 ปลากระพงเจี๋ยนน้ำแดง, ปลากระพงเจี๋ยนน้ำแดง
 ปลาช่อนน้ำตก, ปลาช่อนน้ำตก
 ปลาช่อนลานช้าง, ปลาช่อนลานช้าง
bv americano-8,bv americano-8
ob-16 fichocolate,ob-16 fichocolate
1.แมงกะพรนน้ำมันงา s,1.แมงกะพรนน้ำมันงา s
2.เด้าหู้ฝัดพริกเกลือ,2.เด้าหู้ฝัดพริกเกลือ
3.หอยจ้อ,3.หอยจ้อ
4. ปุรัสเปีย (ขีดละ),4. ปุรัสเปีย (ขีดละ)
ร.ปูออสเดรเลีย king crab ( ปิด.ละ),ร.ปูออสเดรเลีย king crab ( ปิด.ละ)
6.กุ้งมังกรชาบิม (ปึดละ),6.กุ้งมังกรชาบิม (ปึดละ)
7.แฮ่ก็น s,7.แฮ่ก็น s
8.ป็อกชอย ฝัดเต้าหู้ดำ$,8.ป็อกชอย ฝัดเต้าหู้ดำ$
9.ปลาใบขนุนทอดกระเทียม (ปิดละ),9.ปลาใบขนุนทอดกระเทียม (ปิดละ)
1o.หมั่นโถวจักรพรรดิ,1o.หมั่นโถวจักรพรรดิ
11. ฝัด:ฝักบุ้งไฟแดง,11. ฝัด:ฝักบุ้งไฟแดง
12.น้ำเปล่า,12.น้ำเปล่า
.น้ำแข็งถัง,.น้ำแข็งถัง
 14.sprite (can), 14.sprite (can)
1ร.ชาจีน(กา),1ร.ชาจีน(กา)
"""เวฬ""""สาตีไอท์""","""เวฬ""""สาตีไอท์"""
แมเปร่ำวบทำเก้แทร่,แมเปร่ำวบทำเก้แทร่
.งฬ็กจาสกึหสน่ำหรี,.งฬ็กจาสกึหสน่ำหรี
ม่าจัมนำทิทธ์ 1500,ม่าจัมนำทิทธ์ 1500
ไม่รับถง,ไม่รับถง
ทอหน่า mib,ทอหน่า mib
li-stanp บาท`,li-stanp บาท`
1gane#ะสมบาท30ไว้น,1gane#ะสมบาท30ไว้น
ทวปส์มะนาวโซจา,ทวปส์มะนาวโซจา
มมุงหมาร็ำขุนสมามิง,มมุงหมาร็ำขุนสมามิง
ตับเบ็าเซนวิชสครอว่,ตับเบ็าเซนวิชสครอว่
สไวดามอค์ไวตำแอ๊ส,สไวดามอค์ไวตำแอ๊ส
แมหาสนเมก็กึง,แมหาสนเมก็กึง
ชาฬ,ชาฬ
ร็อกโกแอตขอนโฉบอ,ร็อกโกแอตขอนโฉบอ
ii-stanp 'บาท),ii-stanp 'บาท)
.. mii,.. mii
 ไรameสะสมบาท30วัน, ไรameสะสมบาท30วัน
ค่าอาหารและเครื่องดื่ม,ค่าอาหารและเครื่องดื่ม
ข้าวเปล่า,ข้าวเปล่า
[5] ิน ววังช์แช่ข,[5] ิน ววังช์แช่ข
เป็ปชี่ ฟัlล,เป็ปชี่ ฟัlล
สลัดปลาแชลมอล,สลัดปลาแชลมอล
ผักคะน้า,ผักคะน้า
ผัดไทยกุ้งสด,ผัดไทยกุ้งสด
อกไก่พริกไทยดำ,อกไก่พริกไทยดำ
น้ำพริกกะปี+ปลาทู  ผักต้ม,น้ำพริกกะปี+ปลาทู  ผักต้ม
ชาเย็นนมสด,ชาเย็นนมสด
ข้าวผักกระเพราหมูสับไข่ดาว,ข้าวผักกระเพราหมูสับไข่ดาว
ข้าวผัดไข่ปู่,ข้าวผัดไข่ปู่
ผัดพริกแกงหมู,ผัดพริกแกงหมู
ส้มตำปูไทย,ส้มตำปูไทย
"ฝัดน้าำพรึกเผา กุ้ง, ปลาหมึก","ฝัดน้าำพรึกเผา กุ้ง, ปลาหมึก"
ไก่ขี้เหล้า,ไก่ขี้เหล้า
แทนมซ้โครง,แทนมซ้โครง
ileilber001 [999.-],ileilber001 [999.-]
เรึคงหร่าแรงมวน1,เรึคงหร่าแรงมวน1
เจาปอาสาอ,เจาปอาสาอ
สาศรางกระเทิธม,สาศรางกระเทิธม
เลวิง,เลวิง
เหรือเีน,เหรือเีน
565 00,565 00
coke,coke
 leo, leo
leo 3 ขวด,leo 3 ขวด
 รู้oda, รู้oda
นาแข็ง,นาแข็ง
แซลมอนชาซิม,แซลมอนชาซิม
ต้นหัวปลาแซลมอน,ต้นหัวปลาแซลมอน
ต้มปลาคัง,ต้มปลาคัง
ถัวทอด,ถัวทอด
ย่าตะไค้กุงลวก,ย่าตะไค้กุงลวก
ฝ่าืดภุงทaอทด7/ไเลวก,ฝ่าืดภุงทaอทด7/ไเลวก
สลัดหมูย่าง,สลัดหมูย่าง
 เอ็นไก่ทอด, เอ็นไก่ทอด
โรลกาแฟ,โรลกาแฟ
โรลวนิลา,โรลวนิลา
ซีส & พาเมชานซีสสติก,ซีส & พาเมชานซีสสติก
แชมปิญองริชมิลคครอกมูส,แชมปิญองริชมิลคครอกมูส
เอ็ม150,เอ็ม150
ซอสภูเขา,ซอสภูเขา
สมู่พฤกษา นกแก้ว,สมู่พฤกษา นกแก้ว
 แก้วเยติ, แก้วเยติ
 wed bbo pork boston, wed bbo pork boston
sizzler cheese toast,sizzler cheese toast
1,1
sizzler cheese toast 1,sizzler cheese toast 1
8ufal 349. 8an! )80340,8ufal 349. 8an! )80340
ฝา^ะใอร่,ฝา^ะใอร่
ุาาวันสันปรทาาา,ุาาวันสันปรทาาา
"ป่ายทบ้วยเกมอม@าร,","ป่ายทบ้วยเกมอม@าร,"
มุฟเฟต289,มุฟเฟต289
3 มฟเฟต289,3 มฟเฟต289
บุฟเฟต289,บุฟเฟต289
มฟเฟต289,มฟเฟต289
ฝูใหญ่,ฝูใหญ่
หม้อจิ้มฐุม,หม้อจิ้มฐุม
น้าดื่มคริสตัล,น้าดื่มคริสตัล
น้าแขงถัง,น้าแขงถัง
di osmo action mini extension rod,di osmo action mini extension rod
ค่าจัดส่ง shopee,ค่าจัดส่ง shopee
แบาแต์ปปไก่กรมกง่า,แบาแต์ปปไก่กรมกง่า
แซนวิซแฮมร์ส,แซนวิซแฮมร์ส
 tganeสะสมบาฺท30วัน, tganeสะสมบาฺท30วัน
daily parking fee,daily parking fee
เธนาิชเธมรีส,เธนาิชเธมรีส
เอ็นฮ้อโก่,เอ็นฮ้อโก่
 cockail 6 shcts, cockail 6 shcts
zaar,zaar
chang,chang
 mixer, mixer
ice,ice
beer,beer
 rose'e, rose'e
 hoegaarden, hoegaarden
 mixer, mixer
soda,soda
เฟรนฟซ์ฟรายส์,เฟรนฟซ์ฟรายส์
beer,beer
original,original
 hoegaarden, hoegaarden
alc.,alc.
 soju, soju
bear,bear
 chang classic, chang classic
t ชานม เย็น,t ชานม เย็น
 t หวานน้อย 50%, t หวานน้อย 50%
ค่าอาหารและเครื่องดื่ม,ค่าอาหารและเครื่องดื่ม
 sausa9u lal ge, sausa9u lal ge
ss hawafianl,ss hawafianl
 sausade, sausade
lar u,lar u
ss iawa1,ss iawa1
ฝอี เอสtาา,ฝอี เอสtาา
 americano (อเมริกาโน), americano (อเมริกาโน)
ix hot,ix hot
ร่อน,ร่อน
มันธ์มีปุ่นสี เหลือง,มันธ์มีปุ่นสี เหลือง
กก.ละ,กก.ละ
กอปูบนลเหลอง,กอปูบนลเหลอง
กก.ละ,กก.ละ
(tw)m ทูน่าครีม,(tw)m ทูน่าครีม
(tw)l ทูนาครีม,(tw)l ทูนาครีม
arc-01656-6 ซามก๊วยเตี่ยว  18 ชม. diwali structu,arc-01656-6 ซามก๊วยเตี่ยว  18 ชม. diwali structu
8u0-280181 (sp) เครื่องขดกาแม ดำ/สเตนเลส,8u0-280181 (sp) เครื่องขดกาแม ดำ/สเตนเลส
ศอลเกตผลักย5เก,ศอลเกตผลักย5เก
ศยลเกตผลักย์วิบ0,ศยลเกตผลักย์วิบ0
2 pra kati  sundae  boat  (0129),2 pra kati  sundae  boat  (0129)
ipile sieaker  iii so,ipile sieaker  iii so
 icthicken uii hed, icthicken uii hed
1 i french fries,1 i french fries
 3lk, 3lk
ู,ู
iced lemon tea 16,iced lemon tea 16
oz.,oz.
1 filet,1 filet
o fish iii hed,o fish iii hed
1 i french fries,1 i french fries
3ilk,3ilk
า,า
fanta strawberry 16,fanta strawberry 16
0z,0z
ปัน,ปัน
t อเมชอน,t อเมชอน
t หวานน้อย 50%,t หวานน้อย 50%
ปังหมูหยองนำสลัด free,ปังหมูหยองนำสลัด free
ปังหมูหยองนำสลัด,ปังหมูหยองนำสลัด
orig all berry bang,orig all berry bang
 สกีบฟเฟต่ ฝูไหญ่, สกีบฟเฟต่ ฝูไหญ่
น้ำรีฟิลล์ผู่ใหญ่,น้ำรีฟิลล์ผู่ใหญ่
01สุกี้หมู/ไก่(h.mu(p),01สุกี้หมู/ไก่(h.mu(p)
เสุกี้หมู/ไก่(h.mu),เสุกี้หมู/ไก่(h.mu)
i เลยร็กค เกล็ว 1589,i เลยร็กค เกล็ว 1589
เซนวรชมุมองฆ่าสง้,เซนวรชมุมองฆ่าสง้
แมเปร้อวหาสงตัำมืา,แมเปร้อวหาสงตัำมืา
ปรชะรสเทสดี์500มา,ปรชะรสเทสดี์500มา
h-staip ! บาท},h-staip ! บาท}
1ganeสะสมบาท30ไภัน,1ganeสะสมบาท30ไภัน
 อาหารและเครื่องดื่ม, อาหารและเครื่องดื่ม
ไมโฉ,ไมโฉ
เมทม่า,เมทม่า
ไมโฉแท่ง,ไมโฉแท่ง
hla เก๊ร์จเขจิ d3  1,hla เก๊ร์จเขจิ d3  1
โำเก็ฬ็ตเมจ๊ 01  13,โำเก็ฬ็ตเมจ๊ 01  13
กัมมันิมม์ทสไมล์เอปเ,กัมมันิมม์ทสไมล์เอปเ
mi- stanp (บาท),mi- stanp (บาท)
แม.ปกํเวข์ทาเก่น 1,แม.ปกํเวข์ทาเก่น 1
ต่ำเว่งอุนึด,ต่ำเว่งอุนึด
หยากแก๊งเณท์มไอย์,หยากแก๊งเณท์มไอย์
หยากฝกังเนท์แไอซ์,หยากฝกังเนท์แไอซ์
m-stap  บาฬ),m-stap  บาฬ)
 nni aog  sour frean & onion flavor, nni aog  sour frean & onion flavor
al1 berry bang,al1 berry bang
หอมกัวใหญ่ nn. ละ,หอมกัวใหญ่ nn. ละ
ซีมี สันดอสไลซ์ กก.ล,ซีมี สันดอสไลซ์ กก.ล
คิวมีมายองเนส 310แล_,คิวมีมายองเนส 310แล_
ฝาร์มฝริตมันฝรัง,ฝาร์มฝริตมันฝรัง
7,7
เปลี่ยนแปลงราดา,เปลี่ยนแปลงราดา
 afii ไส้กรอกไก่รมดวัน, afii ไส้กรอกไก่รมดวัน
ทอดมันหมฺ กก. ละ,ทอดมันหมฺ กก. ละ
ชุดรวม,ชุดรวม
ไก่ทอดเกาหลี และซอส,ไก่ทอดเกาหลี และซอส
ชาวครีมและหัวหอม(เฝ็ด),ชาวครีมและหัวหอม(เฝ็ด)
แลกชื่อน้าอัดลม10oz. เมือชื่อ,แลกชื่อน้าอัดลม10oz. เมือชื่อ
ชด,ชด
ไก่ทอด(เลือกเครื่องดิ้ม: เน้ำ,ไก่ทอด(เลือกเครื่องดิ้ม: เน้ำ
ไา,ไา
อัดลม),อัดลม)
ข้าวไก่ทอดพริกกระเฟียมไข,ข้าวไก่ทอดพริกกระเฟียมไข
ดองชิอิ๋ว(เลือกเครื่องดิม: น้า,ดองชิอิ๋ว(เลือกเครื่องดิม: น้า
อัดลม),อัดลม)
06.,06.
.ไก่ทอดดักกังจองรสหวาน,.ไก่ทอดดักกังจองรสหวาน
1(`():|,1(`():|
ชาวครีมเบคอนกรอบ(size $),ชาวครีมเบคอนกรอบ(size $)
li ไข่ไก่ขนาดกลาง   (ii,li ไข่ไก่ขนาดกลาง   (ii
ซีมีเนื้อไก่ชั่นชิ้น,ซีมีเนื้อไก่ชั่นชิ้น
ยำยำจัม,ยำยำจัม
โบ้ตมุสัน60กk,โบ้ตมุสัน60กk
โชกุบุสซีสีเขียว100ม,โชกุบุสซีสีเขียว100ม
แขนทีนแซมฆเนเจอร์70,แขนทีนแซมฆเนเจอร์70
โกกิแข้ง 15oก.,โกกิแข้ง 15oก.
หอยหลอดน้าปลาขวดเมท7,หอยหลอดน้าปลาขวดเมท7
องุ่นน้ามันถัวเหลือ,องุ่นน้ามันถัวเหลือ
l,l
",จลลี่เ",",จลลี่เ"
เบลลี่แเฮร์รี่2,เบลลี่แเฮร์รี่2
2 cole($),2 cole($)
ชาดำมะนาว lemon black tea,ชาดำมะนาว lemon black tea
b1 โฟร์ซีซั่นส์ สปริงแท้ original 4 seasons spring,b1 โฟร์ซีซั่นส์ สปริงแท้ original 4 seasons spring
1. ทงคตฝึราเมน(_),1. ทงคตฝึราเมน(_)
 ทงคตสิโชยฺราแมน, ทงคตสิโชยฺราแมน
178.00,178.00
(l),(l)
3. เกี้อวชา(กคา,3. เกี้อวชา(กคา
 ปกดิ), ปกดิ)
4. ฺชาจ็น refill (ร้อน),4. ฺชาจ็น refill (ร้อน)
5. ฺชาเขยา refill,5. ฺชาเขยา refill
(ร้อน),(ร้อน)
ชาไทยนม(ราคา,ชาไทยนม(ราคา
39.00,39.00
 ปกติ), ปกติ)
 coke, coke
masala tea,masala tea
black ice tea,black ice tea
sweet lassi,sweet lassi
butter chicken,butter chicken
mutton masala half,mutton masala half
 garlic naan, garlic naan
butter naan,butter naan
cheese naan,cheese naan
desi chicken biryani,desi chicken biryani
mutton seekh kabab,mutton seekh kabab
เฟตตูเส้นสดเบคอนกรอบ,เฟตตูเส้นสดเบคอนกรอบ
เฟตต์เสินสดคลุกซิล,เฟตต์เสินสดคลุกซิล
water,water
.,.
..น,..น
..,..
ก,ก
ตา.,ตา.
.า,.า
สะ,สะ
..,..
ตาบ,ตาบ
..,..
กa,กa
ก.,ก.
บ,บ
ed,ed
ส,ส
.าเ,.าเ
.,.
za,za
รอม,รอม
สาะ,สาะ
aร,aร
อี,อี
.,.
aร,aร
สา4,สา4
7n,7n
าี,าี
สาา;,สาา;
สา,สา
 coffee, coffee
1. iced daisy,1. iced daisy
(es ven) (ภาคาปกติ),(es ven) (ภาคาปกติ)
 เมล็ดกาแฟ: dark, เมล็ดกาแฟ: dark
25%,25%
ความหวาน:,ความหวาน:
2. iced cocoa,2. iced cocoa
 signature (ราคาปกติ), signature (ราคาปกติ)
ความหวาน: 100%,ความหวาน: 100%
3. white chocolate,3. white chocolate
 ke, ke
ชานมคามุต้นดารับ,ชานมคามุต้นดารับ
(กลาง),(กลาง)
m,m
50%  (2 p.),50%  (2 p.)
body,body
shaper,shaper
 shorts, shorts
180090660,180090660
sushl,sushl
sob,sob
sush1,sush1
l29,l29
d1sh1,d1sh1
ถ. มุงทแทาม(]),ถ. มุงทแทาม(])
โอลิริโกาง เก๊แไมน,โอลิริโกาง เก๊แไมน
โฉก 300  ม.,โฉก 300  ม.
แทก์ตับเม็กลทก๊ฬ,แทก์ตับเม็กลทก๊ฬ
รู,รู
แอง์ก็อคาสหมึกยาง,แอง์ก็อคาสหมึกยาง
ศมุค อุกฝุน  ezytast,ศมุค อุกฝุน  ezytast
ขำวกะ เทราไก่+ไข่ด,ขำวกะ เทราไก่+ไข่ด
สขำวปอาราตพรึก,สขำวปอาราตพรึก
น้ำต่มน้่ำทิหย์,น้ำต่มน้่ำทิหย์
550,550
ม.,ม.
h- stanp{ บาท},h- stanp{ บาท}
iganen: สมบาท3งวัน,iganen: สมบาท3งวัน
iganeซืaaธม  300,iganeซืaaธม  300
มiท,มiท
เมกำแแก่งๆหาม่ำ,เมกำแแก่งๆหาม่ำ
เพaร์เกอร์คัม,เพaร์เกอร์คัม
น่ำลั่มเห็ถวไaย์ 750,น่ำลั่มเห็ถวไaย์ 750
ศมากฝรั่งเงแท่แสแป,ศมากฝรั่งเงแท่แสแป
ไม่ร้บถุง,ไม่ร้บถุง
ไม่รับทลอง/้อน/ส้ว,ไม่รับทลอง/้อน/ส้ว
หองน่า alib,หองน่า alib
 breast, breast
ข้าวเป็ดย่าง,ข้าวเป็ดย่าง
 ix thigh, ix thigh
ix,ix
fat,fat
ข้าวหมูแดง,ข้าวหมูแดง
ชำวผังกระเทียมม้ำพรัก,ชำวผังกระเทียมม้ำพรัก
iina,iina
ขบผพทรรเทียา,ขบผพทรรเทียา
ข้าวเปล่า,ข้าวเปล่า
สันคอหมูส!าค,สันคอหมูส!าค
ชุดสุกลัน{ฟรีชศยก),ชุดสุกลัน{ฟรีชศยก)
แปปซี่ใหญ่ i.45ท,แปปซี่ใหญ่ i.45ท
นาตมเลีก,นาตมเลีก
มาเข่4 (ม),มาเข่4 (ม)
ชำวใช่เจ๋ชวกุ้ง,ชำวใช่เจ๋ชวกุ้ง
ชาวกะ เพราหมุ,ชาวกะ เพราหมุ
ชำวปราผังพรึกสง,ชำวปราผังพรึกสง
โออิกโกซต  เก้น,โออิกโกซต  เก้น
โลอิชโกสต์วาโหฉ:,โลอิชโกสต์วาโหฉ:
เป็ฟซ้ 330),เป็ฟซ้ 330)
มหํ,มหํ
หามุชกีแจนึำฬาง(,หามุชกีแจนึำฬาง(
ฝสวีเพ๊กซ์ยีอุชัสฟท์สต,ฝสวีเพ๊กซ์ยีอุชัสฟท์สต
ชแมทสงกรอหใงโมท,ชแมทสงกรอหใงโมท
เงj็เมกซ์รสโแร่โอเ,เงj็เมกซ์รสโแร่โอเ
แตุกก์จขเบ็ลบัลแก๊งไ,แตุกก์จขเบ็ลบัลแก๊งไ
กอำธม่าำว้ากรอบรสบ,กอำธม่าำว้ากรอบรสบ
อมํท่,อมํท่
!.,!.
บลร์รรวมผักม,บลร์รรวมผักม
โหวอลนม์เวีธเมนตีห,โหวอลนม์เวีธเมนตีห
